{"A": {"A0": {"内存资源": 92, "网络带宽": 6653, "响应时间": 0.02}, "A1": {"内存资源": 93, "网络带宽": 1328, "响应时间": 0.05}, "A2": {"内存资源": 100, "网络带宽": 7640, "响应时间": 0.04}}, "B": {"B0": {"内存资源": 18, "网络带宽": 5701, "响应时间": 0.05}}, "C": {"C0": {"内存资源": 38, "网络带宽": 4216, "响应时间": 0.01}, "C1": {"内存资源": 14, "网络带宽": 3181, "响应时间": 0.03}}, "D": {"D0": {"内存资源": 80, "网络带宽": 7243, "响应时间": 0.02}, "D1": {"内存资源": 70, "网络带宽": 6613, "响应时间": 0.06}, "D2": {"内存资源": 74, "网络带宽": 5376, "响应时间": 0.06}, "D3": {"内存资源": 91, "网络带宽": 7026, "响应时间": 0.07}}, "E": {"E0": {"内存资源": 13, "网络带宽": 5300, "响应时间": 0.05}, "E1": {"内存资源": 25, "网络带宽": 3195, "响应时间": 0.06}, "E2": {"内存资源": 33, "网络带宽": 6242, "响应时间": 0.02}, "E3": {"内存资源": 53, "网络带宽": 5744, "响应时间": 0.01}}, "F": {"F0": {"内存资源": 73, "网络带宽": 3465, "响应时间": 0.08}, "F1": {"内存资源": 90, "网络带宽": 1258, "响应时间": 0.01}, "F2": {"内存资源": 37, "网络带宽": 3833, "响应时间": 0.07}}, "G": {"G0": {"内存资源": 89, "网络带宽": 6230, "响应时间": 0.02}}}